experiment,prompt_tokens,batch_size,generated_tokens,ttft_ms,tpot_mean_ms,tpot_p50_ms,tpot_p95_ms,tpot_p99_ms,aggregate_tps,total_tps_including_ttft,pwr_w,gpu_util_pct,mem_util_pct,enc_pct,dec_pct,dmon_log
batch_size,256,1,512,29.06737697776407,12.087482544174327,12.045837938785553,12.566115998197347,12.75812954409048,82.73021254388154,82.50385061638121,199.14285714285714,76.85714285714286,56.714285714285715,0.0,0.0,results/labs-01-batch-128-logits-last/dmon/batch_1.log
batch_size,256,2,512,41.31487000267953,14.097239626225251,13.770816964097321,14.29265143815428,27.675642201211303,141.8717460317109,141.33877012523357,168.25,89.0,60.625,0.0,0.0,results/labs-01-batch-128-logits-last/dmon/batch_2.log
batch_size,256,4,512,71.16718601901084,13.354640634030599,13.326728949323297,13.775564962998033,13.90133397653699,299.52135063875164,297.0100937962998,167.125,77.875,56.25,0.0,0.0,results/labs-01-batch-128-logits-last/dmon/batch_4.log
batch_size,256,8,512,138.82223900873214,13.59901626602566,13.583210995420814,14.115505036897957,14.265824609901756,588.2778462429192,577.8846628489533,168.375,78.5,57.375,0.0,0.0,results/labs-01-batch-128-logits-last/dmon/batch_8.log
batch_size,256,16,512,271.86403097584844,14.574127514626095,14.555090921930969,15.185570577159524,15.505996148567647,1097.8358727781783,1061.2439325145874,178.25,77.875,56.625,0.0,0.0,results/labs-01-batch-128-logits-last/dmon/batch_16.log
batch_size,256,32,512,559.0563140576705,17.141140471604412,17.086006002500653,17.866693495307118,18.059845257084817,1866.853611812493,1758.2834406679146,196.3,91.5,57.2,0.0,0.0,results/labs-01-batch-128-logits-last/dmon/batch_32.log
batch_size,256,64,512,1145.0420910259709,19.56382590603929,19.459929084405303,21.16953447693959,21.661044191569086,3271.3437702511656,2940.9027013879017,212.83333333333334,82.58333333333333,53.583333333333336,0.0,0.0,results/labs-01-batch-128-logits-last/dmon/batch_64.log
batch_size,256,128,512,2275.994405033998,25.919521148653732,25.556897977367043,30.690688989125192,45.88530500186599,4938.362837256674,4222.443794457428,252.375,88.125,61.0,0.0,0.0,results/labs-01-batch-128-logits-last/dmon/batch_128.log
