{
  "metadata": {
    "device": "NVIDIA GeForce RTX 5080",
    "dtype": "bfloat16",
    "timing": "CUDA event median over repeated PyTorch matmul loops",
    "peak_tflops_bf16_dense": 112.6,
    "peak_tflops_bf16_sparse": 225.1,
    "peak_bandwidth_gbs": 960.0,
    "d_model": 2048,
    "d_ffn": 11008
  },
  "results": [
    {
      "M": 1,
      "N": 11008,
      "K": 2048,
      "flops": 45088768,
      "analytic_bytes_bf16": 45114880,
      "gpu_time_us_median": 68.72943878173828,
      "gpu_time_us_min": 66.72128200531006,
      "gpu_time_us_max": 69.1044807434082,
      "wall_time_us_median": 68.79329448565841,
      "wall_time_us_min": 66.7818496003747,
      "wall_time_us_max": 69.17483056895435,
      "time_us": 68.72943878173828,
      "tflops": 0.6560328266783446,
      "effective_bw_gbs": 656.4127512123266,
      "bw_gbs": 656.4127512123266,
      "ai": 0.9994212109175509,
      "tflops_pct_dense": 0.5826224037995956,
      "tflops_pct_sparse": 0.2914406160276964,
      "tflops_pct": 0.5826224037995956,
      "effective_bw_pct": 68.37632825128402,
      "bw_pct": 68.37632825128402,
      "n_iter": 200,
      "n_repeat": 5
    },
    {
      "M": 2,
      "N": 11008,
      "K": 2048,
      "flops": 90177536,
      "analytic_bytes_bf16": 45140992,
      "gpu_time_us_median": 39.52591896057129,
      "gpu_time_us_min": 38.935840129852295,
      "gpu_time_us_max": 40.250558853149414,
      "wall_time_us_median": 39.597179275006056,
      "wall_time_us_min": 38.982490077614784,
      "wall_time_us_max": 40.76709505170584,
      "time_us": 39.52591896057129,
      "tflops": 2.2814785429772235,
      "effective_bw_gbs": 1142.0605310917622,
      "bw_gbs": 1142.0605310917622,
      "ai": 1.9976861828822903,
      "tflops_pct_dense": 2.0261798783101455,
      "tflops_pct_sparse": 1.0135400013226226,
      "tflops_pct": 2.0261798783101455,
      "effective_bw_pct": 118.96463865539188,
      "bw_pct": 118.96463865539188,
      "n_iter": 200,
      "n_repeat": 5
    },
    {
      "M": 4,
      "N": 11008,
      "K": 2048,
      "flops": 180355072,
      "analytic_bytes_bf16": 45193216,
      "gpu_time_us_median": 39.56831932067871,
      "gpu_time_us_min": 38.94223928451538,
      "gpu_time_us_max": 39.90511894226074,
      "wall_time_us_median": 39.82352907769382,
      "wall_time_us_min": 38.98595576174557,
      "wall_time_us_max": 40.317674865946174,
      "time_us": 39.56831932067871,
      "tflops": 4.558067542326596,
      "effective_bw_gbs": 1142.15657313455,
      "bw_gbs": 1142.15657313455,
      "ai": 3.9907554266551863,
      "tflops_pct_dense": 4.048017355529837,
      "tflops_pct_sparse": 2.024907837550687,
      "tflops_pct": 4.048017355529837,
      "effective_bw_pct": 118.97464303484895,
      "bw_pct": 118.97464303484895,
      "n_iter": 200,
      "n_repeat": 5
    },
    {
      "M": 8,
      "N": 11008,
      "K": 2048,
      "flops": 360710144,
      "analytic_bytes_bf16": 45297664,
      "gpu_time_us_median": 40.88719844818115,
      "gpu_time_us_min": 38.959999084472656,
      "gpu_time_us_max": 41.68320178985596,
      "wall_time_us_median": 40.94367497600615,
      "wall_time_us_min": 39.004324935376644,
      "wall_time_us_max": 41.91979533061385,
      "time_us": 40.88719844818115,
      "tflops": 8.822080203346534,
      "effective_bw_gbs": 1107.8691062046842,
      "bw_gbs": 1107.8691062046842,
      "ai": 7.96310697169726,
      "tflops_pct_dense": 7.834884727661221,
      "tflops_pct_sparse": 3.919182675853636,
      "tflops_pct": 7.834884727661221,
      "effective_bw_pct": 115.40303189632127,
      "bw_pct": 115.40303189632127,
      "n_iter": 200,
      "n_repeat": 5
    },
    {
      "M": 16,
      "N": 11008,
      "K": 2048,
      "flops": 721420288,
      "analytic_bytes_bf16": 45506560,
      "gpu_time_us_median": 43.271517753601074,
      "gpu_time_us_min": 42.487359046936035,
      "gpu_time_us_max": 43.948960304260254,
      "wall_time_us_median": 44.00162026286125,
      "wall_time_us_min": 42.54329018294811,
      "wall_time_us_max": 44.82307005673647,
      "time_us": 43.271517753601074,
      "tflops": 16.671943242387496,
      "effective_bw_gbs": 1051.6515796632284,
      "bw_gbs": 1051.6515796632284,
      "ai": 15.853105310531053,
      "tflops_pct_dense": 14.806343909757992,
      "tflops_pct_sparse": 7.4064607918203,
      "tflops_pct": 14.806343909757992,
      "effective_bw_pct": 109.54703954825295,
      "bw_pct": 109.54703954825295,
      "n_iter": 200,
      "n_repeat": 5
    },
    {
      "M": 32,
      "N": 11008,
      "K": 2048,
      "flops": 1442840576,
      "analytic_bytes_bf16": 45924352,
      "gpu_time_us_median": 36.044158935546875,
      "gpu_time_us_min": 32.90031909942627,
      "gpu_time_us_max": 38.2423996925354,
      "wall_time_us_median": 36.11176507547498,
      "wall_time_us_min": 33.41959556564689,
      "wall_time_us_max": 40.16381921246648,
      "time_us": 36.044158935546875,
      "tflops": 40.02980284766932,
      "effective_bw_gbs": 1274.1135694723964,
      "bw_gbs": 1274.1135694723964,
      "ai": 31.41776667855869,
      "tflops_pct_dense": 35.55044657874718,
      "tflops_pct_sparse": 17.783119879017914,
      "tflops_pct": 35.55044657874718,
      "effective_bw_pct": 132.72016348670797,
      "bw_pct": 132.72016348670797,
      "n_iter": 200,
      "n_repeat": 5
    },
    {
      "M": 64,
      "N": 11008,
      "K": 2048,
      "flops": 2885681152,
      "analytic_bytes_bf16": 46759936,
      "gpu_time_us_median": 36.633920669555664,
      "gpu_time_us_min": 35.62896013259888,
      "gpu_time_us_max": 38.11311960220337,
      "wall_time_us_median": 37.10504504851997,
      "wall_time_us_min": 35.693550016731024,
      "wall_time_us_max": 39.195395074784756,
      "time_us": 36.633920669555664,
      "tflops": 78.7707430506646,
      "effective_bw_gbs": 1276.4109094896712,
      "bw_gbs": 1276.4109094896712,
      "ai": 61.71268395234758,
      "tflops_pct_dense": 69.95625492954228,
      "tflops_pct_sparse": 34.9936663930096,
      "tflops_pct": 69.95625492954228,
      "effective_bw_pct": 132.9594697385074,
      "bw_pct": 132.9594697385074,
      "n_iter": 200,
      "n_repeat": 5
    },
    {
      "M": 128,
      "N": 11008,
      "K": 2048,
      "flops": 5771362304,
      "analytic_bytes_bf16": 48431104,
      "gpu_time_us_median": 65.96784114837646,
      "gpu_time_us_min": 64.25663948059082,
      "gpu_time_us_max": 68.54608058929443,
      "wall_time_us_median": 67.08747008815408,
      "wall_time_us_min": 64.30786103010178,
      "wall_time_us_max": 68.728884216398,
      "time_us": 65.96784114837646,
      "tflops": 87.48751215033569,
      "effective_bw_gbs": 734.1623305675199,
      "bw_gbs": 734.1623305675199,
      "ai": 119.16644113667118,
      "tflops_pct_dense": 77.69761292214538,
      "tflops_pct_sparse": 38.866064926848374,
      "tflops_pct": 77.69761292214538,
      "effective_bw_pct": 76.47524276745,
      "bw_pct": 76.47524276745,
      "n_iter": 200,
      "n_repeat": 5
    },
    {
      "M": 256,
      "N": 11008,
      "K": 2048,
      "flops": 11542724608,
      "analytic_bytes_bf16": 51773440,
      "gpu_time_us_median": 122.96079635620117,
      "gpu_time_us_min": 121.93984031677246,
      "gpu_time_us_max": 124.49952125549316,
      "wall_time_us_median": 123.51339566521347,
      "wall_time_us_min": 123.0255898553878,
      "wall_time_us_max": 125.91947452165186,
      "time_us": 122.96079635620117,
      "tflops": 93.87320959244809,
      "effective_bw_gbs": 421.05647925391753,
      "bw_gbs": 421.05647925391753,
      "ai": 222.94683544303797,
      "tflops_pct_dense": 83.3687474178047,
      "tflops_pct_sparse": 41.702891866924965,
      "tflops_pct": 83.3687474178047,
      "effective_bw_pct": 43.86004992228308,
      "bw_pct": 43.86004992228308,
      "n_iter": 200,
      "n_repeat": 5
    },
    {
      "M": 512,
      "N": 11008,
      "K": 2048,
      "flops": 23085449216,
      "analytic_bytes_bf16": 58458112,